timestamp,tweet_text,username,all_hashtags,followers_count
2020-10-26 22:31:43,#Huawei opens its sixth research institute in France ‚Äì focuses on mathematics and computing https://t.co/zLpoTThdkM,b'TechnologyNow3',['Huawei'],544
2020-10-26 22:12:52,"Defence/Peck:  How is it possible #MengWanzhou was going to get away with 3 @CanBorder officers and 2 @rcmpgrcpolice officers in the jetway ""standing guard?""  Const. Yep: ""I can't answer that."" Defers to his boss (who was also at @yvrairport #Huawei https://t.co/gQD66B13JE",b'molkoreports',"['MengWanzhou', 'Huawei']",3548
2020-10-26 22:12:23,@Huawei aunches stunning new strike at @Google to beat #Android https://t.co/6lwMHrIIJk via @Forbes #harmonyOS #huawei #Google #smartphone #appel #iphone #restriction #china,b'avdrst',"['Android', 'harmonyOS', 'huawei', 'Google', 'smartphone', 'appel', 'iphone', 'restriction', 'china']",875
2020-10-26 21:57:04,Italy has prevented telecoms group Fastweb from signing a deal for #Huawei.  #asknoquestions https://t.co/AASQVOnezo,b'noquestionsdoc',"['Huawei', 'asknoquestions']",171
2020-10-26 21:55:04,üì±#Huawei P smart Z 4GB RAM  64GB ROM Precio: 1Ô∏è‚É£3Ô∏è‚É£4Ô∏è‚É£‚Ç¨ #Amazon  üëâhttps://t.co/Bhf8XmYWZf https://t.co/rNV8XFaqDv,b'Lapequenaasia',"['Huawei', 'Amazon']",4386
2020-10-26 21:48:02,The Trump admin's 'Clean Network' agreement is picking up steam.   Bulgaria just joined North Macedonia and Kosovo in banning #Huawei and other Chinese #5G hardware providers. Get the details ‚¨áÔ∏è‚¨áÔ∏è  https://t.co/vYRFNabhI0,b'5GActionNow',"['Huawei', '5G']",167
2020-10-26 21:39:48,"When CBSA had finished with #MengWanzhou's questioning, Const. Yep served her with her provisional arrest warrant and read her Charter rights, translated into Mandarin by another RCMP officer  Meng asked to call #Huawei's lawyer first, not the Chinese consulate when RCMP offered",b'davidpball',"['MengWanzhou', 'Huawei']",3958
2020-10-26 21:34:16,"AG:  ""Did you share any information about [Meng's] electronic devices with U.S. law enforcement?"" @rcmpgrcpolice Const. Yep:  ""I did not.""  Quick break. Defence is up next.  #MengWanzhou #Huawei @CTVVancouver https://t.co/GcBRqTqXBO",b'molkoreports',"['MengWanzhou', 'Huawei']",3548
2020-10-26 21:33:35,Thread on the #Huawei exec extradition hearing https://t.co/LS05HPGJpY,b'Hakai_Lens',['Huawei'],451
2020-10-26 21:15:10,üì±üéß#HUAWEI P40 lite #5G + Freebuds 3i 6 GB RAM + 128 GB ROM  Carga r√°pida de 40W  Precio: 3Ô∏è‚É£9Ô∏è‚É£9Ô∏è‚É£‚Ç¨ #Amazon  üëâhttps://t.co/mVJNvWrtSX https://t.co/bTxcZyJLrk,b'Lapequenaasia',"['HUAWEI', '5G', 'Amazon']",4386
2020-10-26 21:15:08,#Huawei #Docs #Google Docs Alternative!? - Overview https://t.co/coFUlcCZEq,b'llelectronics',"['Huawei', 'Docs', 'Google']",340
2020-10-26 21:10:29,"And we are back in Courtroom 55. AG asks @rcmpgrcpolice Const. Winston Yep if he or anyone from RCMP asked @CanBorder  to conduct the immigration exam or obtain any info from #MengWanzhou.  Yep:  ""No.""  #Huawei @CTVVancouver https://t.co/6nanN3MY4K",b'molkoreports',"['MengWanzhou', 'Huawei']",3548
2020-10-26 21:00:01,Google PlayStore | EVE ECHOES - S1/E3 https://t.co/txWKXSeDoJ  #EVE #ECHOES #UNIVERSE #SHIP #INTERSTELLAR #GAMING #PLAYSTORE #GOOGLE #TABLET #SMARTPHONE #HUAWEI #P30 #googleplaystore #mobile #gaming #neweden #action #gamescheck #german,b'RGDesign5',"['EVE', 'ECHOES', 'UNIVERSE', 'SHIP', 'INTERSTELLAR', 'GAMING', 'PLAYSTORE', 'GOOGLE', 'TABLET', 'SMARTPHONE', 'HUAWEI', 'P30', 'googleplaystore', 'mobile', 'gaming', 'neweden', 'action', 'gamescheck', 'german']",4
2020-10-26 20:59:00,I haven't seen before this Batman phone case. https://t.co/NBnYMNuwIo #huawei #usa #huaweip20pro #android #huaweiphotography #smartphone #technology #batman #dccomics #dc #superman #comics #marvel #joker #wonderwoman #spiderman #cosplay #justiceleague #art #ironman #gotham,b'kalipstastore',"['huawei', 'usa', 'huaweip20pro', 'android', 'huaweiphotography', 'smartphone', 'technology', 'batman', 'dccomics', 'dc', 'superman', 'comics', 'marvel', 'joker', 'wonderwoman', 'spiderman', 'cosplay', 'justiceleague', 'art', 'ironman', 'gotham']",114
2020-10-26 20:45:00,B.C. #SupremeCourt is scheduled to begin hearing evidence this week in the extradition case of #Huawei executive #MengWanZhou.  5 days of evidentiary hearings are scheduled starting today on whether her arrest and detention was conducted lawfully. https://t.co/yirL3rwME4,b'MiEpochTimes',"['SupremeCourt', 'Huawei', 'MengWanZhou']",241
2020-10-26 20:32:43,Download Free Strategy game PROJECT Anomaly: online tactics 2vs2 For Android https://t.co/Gl7kd7K9zW #mobone #androidapps #games #androidgames #sumsung #sony #htc #acer #xiaomi #meizu #androidgame #huawei #nokia #oppo #oneplus #honor #pvp #gamesforandroid #aboutwar #military https://t.co/ibrO32laxN,b'alexababarika',"['mobone', 'androidapps', 'games', 'androidgames', 'sumsung', 'sony', 'htc', 'acer', 'xiaomi', 'meizu', 'androidgame', 'huawei', 'nokia', 'oppo', 'oneplus', 'honor', 'pvp', 'gamesforandroid', 'aboutwar', 'military']",63
2020-10-26 20:23:25,Commuting snapshots - a little glimmer of light on another dark wet morning in Sydney  #sydney #Huawei #transportnsw #australia #ilovesydney https://t.co/U6DgGaeGux,b'SydneyLens',"['sydney', 'Huawei', 'transportnsw', 'australia', 'ilovesydney']",132
2020-10-26 20:18:08,"EARTH DAY IS EVERYDAY / AN IMAGE FOR THE PLANET Niko Neki WORLD PROJECT/ Meanwhile, the ice continues to melt.Despite all the threats and difficult times we must act. @Anne_Hidalgo @KeringGroup @PalaisdeTokyo @ARTE @C40Cities #venise @LeoDiCapri #climat #environement #Huawei https://t.co/JZq0H6kTnz",b'neki_niko',"['venise', 'climat', 'environement', 'Huawei']",25
2020-10-26 20:12:49,"Unlocked Iphone 5 Apple Cell phone 16GB 32GB ROM 16GB 32GB 64GB IOS 4.0 inch 8MP WIFI GPS Used refurbished. https://t.co/MdykNncJfs #iphone #apple #samsung #xiaomi #pro #oppo #android #smartphone #vivo #huawei #case #like #photography #phone, #cellphone #mobilephone #Electronics",b'toolsnecessary',"['iphone', 'apple', 'samsung', 'xiaomi', 'pro', 'oppo', 'android', 'smartphone', 'vivo', 'huawei', 'case', 'like', 'photography', 'phone', 'cellphone', 'mobilephone', 'Electronics']",921
2020-10-26 20:12:10,Canadian police officer testifies about his arrest of Meng Wanzhou at airport. https://t.co/Ui4w51LjyY via @scmpnews #Canada #Huawei #MengWanzhou,b'jodixu',"['Canada', 'Huawei', 'MengWanzhou']",4614
2020-10-26 20:09:25,Lunch break in the first day of witness testimony in the #MengWanzhou hearings.  And we were just getting to questions about @rcmpgrcpolice Const. Winston Yep's contact with @FBI's legal attache. More to come... #Huawei @CTVVancouver,b'molkoreports',"['MengWanzhou', 'Huawei']",3548
2020-10-26 20:07:02,#Huawei CFO arrives at Canada court for witness testimony in US extradition case  https://t.co/Cmpk3LVBEs,b'GulfTimes_QATAR',['Huawei'],44495
2020-10-26 20:01:42,Italy Blocks Telco From Implementing Huawei 5G Deal https://t.co/Cs9ACUNE6V #CIO #5G #China #Huawei #Italy #Regulation #InspiredBmedia,b'cioinspired',"['CIO', '5G', 'China', 'Huawei', 'Italy', 'Regulation', 'InspiredBmedia']",2585
2020-10-26 19:56:24,Huawei lunch competition against Google Map. #GoogleMaps #Huawei #GIS https://t.co/TqIoId63uH,b'Super_Explorer',"['GoogleMaps', 'Huawei', 'GIS']",581
2020-10-26 19:47:43,"#Huawei Chief Financial Officer, Meng Wanzhou, leaves her Vancouver home to appear in British Columbia Supreme Court, in #Vancouver. Her arrest is a big bone of contention between China and Canada. https://t.co/g5ASpjYUgg",b'filvin',"['Huawei', 'Vancouver']",41
2020-10-26 19:39:16,"#samsung #GalaxyTabA7 (2020) almostOkEnoughAffordable #Android #tablet. BitOld #Huawei #HonorPad5 slightlyBetterSpec, butTrackRecWrt updates &amp; bootloaderUnlocking isBad. AlsoA7isAndroid10 with~2Yrs updates2LookFwd2 (@Samsung dontMessUp, bitMoreBetterSpecsInFuture) #India @Huawei",b'HanishKVC',"['samsung', 'GalaxyTabA7', 'Android', 'tablet', 'Huawei', 'HonorPad5', 'India']",67
2020-10-26 19:37:18,Up side down... #atumn #autunno #jesie≈Ñ #nature #trees #leaf #autumnleaves #branches #leaves #misty #outdoor #diversamente #divers #mg≈Çy #road #roadreams #Poland #Polonia #Polska #Huawei https://t.co/PbyEcxU60W,b'FarsettiM',"['atumn', 'autunno', 'jesie≈Ñ', 'nature', 'trees', 'leaf', 'autumnleaves', 'branches', 'leaves', 'misty', 'outdoor', 'diversamente', 'divers', 'mg≈Çy', 'road', 'roadreams', 'Poland', 'Polonia', 'Polska', 'Huawei']",1379
2020-10-26 19:35:15,"As global momentum to ban #Huawei from #5G networks picks up, read NSI Fellow @AndyKeiser's piece, ""The Race to 5G: Securing the Win,"" here: https://t.co/jKQNfTl2vy https://t.co/vWe1Z06KQg",b'MasonNatSec',"['Huawei', '5G']",3366
2020-10-26 19:32:40,"üá®üá≥ North Macedonia, Kosovo and Bulgaria have joined an agreement with the US to stop China's influence on #5G. The Americans are fighting for information #security and removal of #Huawei from the market and are urging their allies to do the same https://t.co/DmxO34vDvp",b'wjakobik_en',"['5G', 'security', 'Huawei']",1000
2020-10-26 19:32:00,Google PlayStore | EVE ECHOES: S1/E2 üöÄ https://t.co/XLqk0v8gyi  #EVE #ECHOES #UNIVERSE #SHIP #INTERSTELLAR #GAMING #PLAYSTORE #GOOGLE #TABLET #SMARTPHONE #HUAWEI #P30 #google #playstore #mobile #gaming #neweden #action #gamescheck #german,b'RGDesign5',"['EVE', 'ECHOES', 'UNIVERSE', 'SHIP', 'INTERSTELLAR', 'GAMING', 'PLAYSTORE', 'GOOGLE', 'TABLET', 'SMARTPHONE', 'HUAWEI', 'P30', 'google', 'playstore', 'mobile', 'gaming', 'neweden', 'action', 'gamescheck', 'german']",4
2020-10-26 19:15:22,"Huawei Nova8SE offical render with spec's   6.53"" FHD OLED Waterdrop Notch 60Hz display Mediatek Dimensity 720/800U 64MP+8MP+2MP+2MP Quad Rearüì∏ 16MP Selfieü§≥ 3800mAh Battery+66W fast Charger 7.46mm thickness 178g weight By @StationChat #HuaweiNova8SE #Huawei https://t.co/3bTS8gmOFE",b'techwaqar_12',"['HuaweiNova8SE', 'Huawei']",212
2020-10-26 19:12:05,I didn't fail the test. I just found 100 ways to do it wrong. ¬∞ ¬∞ ¬∞ ¬∞ ¬∞ #Cornwall #MondayMorning #Autumn #landscapephotography #seascapephotography #PhotoModeMonday #photograghy #PhotographyIsArt #mobilephotography #huawei #HuaweiP30Pro #MondayMotivation #laurenbywaterphotography https://t.co/h8BczSHWWx,b'Lauren_Bywater',"['Cornwall', 'MondayMorning', 'Autumn', 'landscapephotography', 'seascapephotography', 'PhotoModeMonday', 'photograghy', 'PhotographyIsArt', 'mobilephotography', 'huawei', 'HuaweiP30Pro', 'MondayMotivation', 'laurenbywaterphotography']",80
2020-10-26 19:10:03,"Const. Winston Yep of @rcmpgrcpolice  says his supervisor's ""suggestion"" to arrest #MengWanzhou on the plane ""wasn't a good idea"" because of passenger safety.  ""We didn't know what [Meng] was capable of.""  Me: Don't think we've heard this before.  #Huawei @CTVVancouver https://t.co/ZjUDE8gVkV",b'molkoreports',"['MengWanzhou', 'Huawei']",3548
2020-10-26 18:57:52,Const.Yep is asked by the Crown ‚Äúdid you treat this extradition arrests differently than other ones!‚Äù Yep firmly replies ‚Äúno.‚Äù #MengWanzhou #Huawei,b'MelanieNagyCTV',"['MengWanzhou', 'Huawei']",5669
2020-10-26 18:46:22,"Now we're into the did-the-RCMP-have-a-plan-to-arrest-Meng-on-the-plane-the-day-before part of it? @rcmpgrcpolice Const. Yep tells AG about meeting with @CanBorder ""we never discussed the plan to affect the arrest‚Äù b/c Meng's flight hadn't left HKG yet.  #Huawei @CTVVancouver https://t.co/f0LurapZIq",b'molkoreports',['Huawei'],3548
2020-10-26 18:41:31,"After a short break, court is back in https://t.co/QCCAutJfER is continues to question Constable Winston Yep about his involvement in the arrest of #MengWanzhou . #ctvnews #Huawei",b'MelanieNagyCTV',"['MengWanzhou', 'ctvnews', 'Huawei']",5669
2020-10-26 18:39:13,Ultimate case for selfie lovers. Innovation in #Huawei has gone way up ever since they stopped being a desirable phone because of no Google apps. https://t.co/XQzf31Qag8,b'sugoirachit',['Huawei'],212
2020-10-26 18:33:10,"#Huawei just posted this statement in #MengWanzhou matter - her lawyers ""will probe the extend to which Trump administration officials directed RCMP and CBSA...to engage in a deceptive and improper search.""  @CTVVancouver https://t.co/QdtTJhT7lc",b'molkoreports',"['Huawei', 'MengWanzhou']",3548
2020-10-26 18:31:06,@Huawei_Europe @allrightnows Let #Huawei steal all your #data for #ThePeoplesPartyOfChina then use that data to under mine your freedoms and your country... #DoNotTrust,b'emmons_shawn',"['Huawei', 'data', 'ThePeoplesPartyOfChina', 'DoNotTrust']",6
2020-10-26 18:26:43,Get a Quality poster for your event @GraphicsStarkid ranging from R200. For more information contact me on 0623064457. #ojewakeng #propagandaPTA #phelishisanyama #caspernyovest #Nasty_C #Areece #COVID19 #vusithembekwayo #somizi #huawei #LetterToNeo #SkeemSaam #keadrive https://t.co/jrq6GPEPx8,b'GraphicsStarkid',"['ojewakeng', 'propagandaPTA', 'phelishisanyama', 'caspernyovest', 'Nasty_C', 'Areece', 'COVID19', 'vusithembekwayo', 'somizi', 'huawei', 'LetterToNeo', 'SkeemSaam', 'keadrive']",0
2020-10-26 18:22:28,üì∑ Chilling sunset üåá‚ú® . . . . #afternoon #sun #sunset #sol #atardecer #soleil #couchersoleil #chilling #time #moments #rennes #city #rennescity #urban #life #etang #bretagne #citylife #photographie #photography #huawei #huaweishot... https://t.co/I1HlfKyzQW,b'PaoLovesBeer',"['afternoon', 'sun', 'sunset', 'sol', 'atardecer', 'soleil', 'couchersoleil', 'chilling', 'time', 'moments', 'rennes', 'city', 'rennescity', 'urban', 'life', 'etang', 'bretagne', 'citylife', 'photographie', 'photography', 'huawei', 'huaweishot']",827
2020-10-26 18:15:18,#Huawei has released a statement regarding proceedings this week in #MengWanzhou ongoing extradition case . https://t.co/1ei9o0fOM3,b'MelanieNagyCTV',"['Huawei', 'MengWanzhou']",5669
2020-10-26 18:15:02,"I designed the Simple Code II watch face 3 years ago in 2017. Now, the new Huawei Porsche watch face copied my design. ‚Äî‚Äî‚Äî‚Äî‚Äî #porsche #porschedesign #huawei #huaweiwatch #huaweiphone #huaweip40pro #huaweip30pro #signature #premium #premiumgift #luxury #luxurywatch https://t.co/0wBVRUl4dO",b'artalexme',"['porsche', 'porschedesign', 'huawei', 'huaweiwatch', 'huaweiphone', 'huaweip40pro', 'huaweip30pro', 'signature', 'premium', 'premiumgift', 'luxury', 'luxurywatch']",568
2020-10-26 18:14:28,"AG asking Const. Yep about U.S. request that #MengWanzhou's electronic devices be confiscated and placed in Faraday bags ""at the time of arrest.""  Yep says he planned to do that as part of the arrest. #Huawei @CTVVancouver https://t.co/LVbOwQwity",b'molkoreports',"['MengWanzhou', 'Huawei']",3548
2020-10-26 18:07:47,"#FakeNews outlet @TheEconomist provided fawning coverage to #China's #Huawei, widely considered a #NATSEC risk, w/o disclosing the publication's nearly decade-long lucrative business relationship w/ the firm.  Great digging from @Kakutani_Y/@FreeBeacon. https://t.co/znrVJiMZbV",b'KyleOlbert',"['FakeNews', 'China', 'Huawei', 'NATSEC']",18931
2020-10-26 17:55:21,And here are Const. Yep's notes from the day of #MengWanzhou's arrest @YVR.  Note Meng was in @CanBorder secondary inspection at 11:25.  Yep didn't arrest her until after 14:12.  #Huawei  @CTVVancouver https://t.co/DZjZtGOQl5,b'molkoreports',"['MengWanzhou', 'Huawei']",3548
2020-10-26 17:52:44,"10 Airlink Stores in Lahore, Karachi and Bahawalpur and an online store https://t.co/guFzboHO2W ‚Äì Buy your #Iphone #Samsung #huawei #tecno #itel # xiaomi and #TCL with #Airlink warranty to avail the best after sales services. #YourSmartDevicePartner #EveryProductDeliveredToYou https://t.co/Ec0GQ16fN5",b'AirlinkALC',"['Iphone', 'Samsung', 'huawei', 'tecno', 'itel', 'TCL', 'Airlink', 'YourSmartDevicePartner', 'EveryProductDeliveredToYou']",243
2020-10-26 17:45:37,Surprise.  #MengWanzhou's husband just sat down 2 rows away from me in Courtroom 55.  Haven't seen him in what feels like almost a year.  He and Meng are drinking coffee (or tea) out of matching rose gold thermoses.  #Huawei @CTVVancouver https://t.co/LUX7Y9sYtp,b'molkoreports',"['MengWanzhou', 'Huawei']",3548
2020-10-26 17:43:15,Interested? #Huawei Announces 1 Million Euro Incentive Plan for Student Developer Program https://t.co/ByAf8dRhuK,b'thebeestang',['Huawei'],1118
2020-10-26 17:39:02,üì±#Huawei P smart Z 4GB RAM 64GB ROM Precio: 1Ô∏è‚É£3Ô∏è‚É£4Ô∏è‚É£‚Ç¨ #Amazon  üëâhttps://t.co/Bhf8XmYWZf https://t.co/o8ZXxtsFAy,b'Lapequenaasia',"['Huawei', 'Amazon']",4386
2020-10-26 17:38:59,"""Being a G7 member adds weight to the exit, and should influence other two EU-G7 members, Germany and France, to ban #Huawei."" #5G #China #AI   https://t.co/tXjysBc0fb",b'charlesaflint',"['Huawei', '5G', 'China', 'AI']",158
2020-10-26 17:32:29,Top China telecom official defends 5G rollout #WenKu #Huawei  Source: https://t.co/ftXzFGGhpn By https://t.co/FEmp3sijJF,b'TelecomNewsAgg',"['WenKu', 'Huawei']",152
2020-10-26 17:31:04,"AG is questioning @rcmpgrcpolice Const. Winston Yep first.  Crown asks: ""Do you receive specific training in executing arrest warrants.""  Yep: ""No.""  #MengWanzhou #Huawei @CTVVancouver Me: Trying to listen to testimony and dig thru docs at same time to spot any discreps... https://t.co/cqbDMCuwEb",b'molkoreports',"['MengWanzhou', 'Huawei']",3548
2020-10-26 17:25:57,"Here's the first page of the warrant to arrest #MengWanzhou, issued the day before she landed @YVR from HKG. Note, it says she should be arrested ""immediately"" - you can bet Defence will be pushing this point with all @CanBorder @rcmpgrcpolice witnesses.  #huawei @CTVVancouver https://t.co/wb3vygorSt",b'molkoreports',"['MengWanzhou', 'huawei']",3548
2020-10-26 17:25:11,"FOSS Patents: #Huawei and #microsoft -armed #patenttroll settle #patent dispute, https://t.co/EQnu9qQZaS ‚Ä¢‚óè‚Ä¢ @fosspatents on #mosaid rebranded  https://t.co/6dVy9HB0MW",b'schestowitz',"['Huawei', 'microsoft', 'patenttroll', 'patent', 'mosaid']",7797
2020-10-26 17:16:41,"Before we get to Const. Yep - Justice Holmes is making it clear that other witnesses are not permitted to listen to testimony before they testify.  (BTW AG says while they are calling the witnesses, the list was drawn up by #MengWanzhou's defence team).  #Huawei @CTVVancouver https://t.co/r7lB5IOzXm",b'molkoreports',"['MengWanzhou', 'Huawei']",3548
2020-10-26 17:16:33,"#Huawei and #patenttroll #Conversant settle #patent dispute, #automotive downstream stands to benefit from component-level agreement  https://t.co/nayUmurfRi #frand #standards #patents #daimler",b'FOSSpatents',"['Huawei', 'patenttroll', 'Conversant', 'patent', 'automotive', 'frand', 'standards', 'patents', 'daimler']",13527
2020-10-26 17:10:47,#MengWanzhou say they expect to cross-examine roughly ONE witness a day.  A total of 10 between this week and a week in late Nov.  You can bet they'll be digging into the details here and looking for inconsistencies. #Huawei  @CTVVancouver https://t.co/Fzyn1AOIBd,b'molkoreports',"['MengWanzhou', 'Huawei']",3548
2020-10-26 17:10:08,"@siniath2015 @ipacglobal There is a psychological term called ""projection"", which means if u r a mean person, u will think ur rival is a mean person. U should know what I mean.#USgovt #Huawei #CIA #TAO #APT ü§£https://t.co/cpiqCWW5oa",b'GabryWuhanese',"['USgovt', 'Huawei', 'CIA', 'TAO', 'APT']",3
2020-10-26 17:09:12,FIRST WITNESS will be Const. Winston Yep with @rcmpgrcpolice.  He's the officer who arrested #MengWanzhou (after she was interrogated by @CanBorder for 3 hrs).  Here's the 1st time she learned about U.S. charges/extradition #Huawei @CTVVancouver https://t.co/IWnclOuG9n,b'molkoreports',"['MengWanzhou', 'Huawei']",3548
2020-10-26 17:06:50,üòç Flower Cute Phone Cases For Huawei Honor 8 Lite Honor 6X 8C 8A mate 9 P9 plus... üòç  starting at $15.90.  Show now üëâüëâ https://t.co/F6MOWf7Ul9  #Huawei #cute_phone_cases #TouchyStyleCases https://t.co/89iCC8elHi,b'TouchyStyle',"['Huawei', 'cute_phone_cases', 'TouchyStyleCases']",2466
2020-10-26 17:06:03,And we are underway in the #MengWanzhou hearing.  Justice Heather Holmes entered Courtroom 55 wearing a mask and she is behind plexiglas once again.  We're off into the lawyer introductions.  There are a LOT here.  More lawyers than reporters.  #Huawei  @CTVVancouver https://t.co/I9qEeNc2g7,b'molkoreports',"['MengWanzhou', 'Huawei']",3548
2020-10-26 17:00:00,Bulgaria has joined the US-backed coalition gainst Huawei over 5G security threats. #EmergingEurope #Bulgaria #Huawei #politics  https://t.co/UQYTOA6nVe,b'IndustryEurope',"['EmergingEurope', 'Bulgaria', 'Huawei', 'politics']",1437
2020-10-26 16:57:22,The Meng Wanzhou extradition hearings resume this week with something new in this case expected: Witnesses on the stand and cross-examinations. @BIVnews #huawei https://t.co/Z8JzDL0DUH,b'chuckchiang3',['huawei'],521
2020-10-26 16:53:40,"Are you team Apple, Samsung Electronics, or Huawei? Who will come out on top in 2020? Check out what we thought üëÄ https://t.co/xl03EZlvlr #innovation #technology #socialmedia #Apple #Samsung #Huawei #android #iphone12pro #iphone12",b'FinestBazaar',"['innovation', 'technology', 'socialmedia', 'Apple', 'Samsung', 'Huawei', 'android', 'iphone12pro', 'iphone12']",54
2020-10-26 16:51:06,Pretty hyped up headline but true assertion about self-inflicted vulnerability if Germany uses #Huawei and #ZTE tech in IT infrastructure.  https://t.co/AOreBA1qKc,b'thorcmd',"['Huawei', 'ZTE']",1290
2020-10-26 16:48:28,#MengWanzhou is back in BC Supreme Court today for a hearing in her ongoing extradition case.This weeks proceedings focus on allegations of ‚Äòabuse of process‚Äô.Witnesses -including RCMP and CBSA- are also expected to be called. #Huawei  #ctvnews https://t.co/pIq4c1ySRO,b'MelanieNagyCTV',"['MengWanzhou', 'Huawei', 'ctvnews']",5669
2020-10-26 16:43:02,"Here's one @rcmpgrcpolice doc dated 3 days after her arrest with subject line ""Assist FBI"" that lists out #MengWanzhou's electronic device info.  It's almost a sure bet this will come up in testimony this week.  #Huawei @CTVVancouver https://t.co/BTWSwJhdNf",b'molkoreports',"['MengWanzhou', 'Huawei']",3548
2020-10-26 16:40:41,"If I‚Äôm gonna come back from hunting in the mountains for court, I‚Äôm still gonna wear my camo‚Ä¶  Back for @AFP, covering extradition hearings of #Huawei exec‚Äôs #MengWanzhou. Updates thread to follow https://t.co/cwAk37lrmS",b'davidpball',"['Huawei', 'MengWanzhou']",3958
2020-10-26 16:39:12,"#MengWanzhou's lawyers might as @CanBorder officers why they gave the passcodes to her electronic devices (written on a piece of paper) to @rcmpgrcpolice.  @Canborder has previous said it happened in ""error."" #Huawei @CTVVancouver https://t.co/H0Z7F49Tri",b'molkoreports',"['MengWanzhou', 'Huawei']",3548
2020-10-26 16:39:05,ASUS Adol Laptop ‚Äì Asus Black Friday Deals 50% Off  #asus #laptop #gaming #asusrog #apple #rog #realme #dell #intel #huawei #nokia #laptopgaming #pc #laptopmurah #pcgaming #toshiba #msi #pro #amd #oneplus #nvidia  https://t.co/m7TniNuRYG,b'dealdaddyshop',"['asus', 'laptop', 'gaming', 'asusrog', 'apple', 'rog', 'realme', 'dell', 'intel', 'huawei', 'nokia', 'laptopgaming', 'pc', 'laptopmurah', 'pcgaming', 'toshiba', 'msi', 'pro', 'amd', 'oneplus', 'nvidia']",7
2020-10-26 16:37:39,"And hello from a physically-distanced Courtroom 55.  #MengWanzhou has just entered, a good 25 minutes before we get underway.  Again - we expect to hear from @CanBorder  @rcmpgrcpolice officers involved in her questioning &amp; arrest in 2018.  #Huawei @CTVVancouver https://t.co/v2Xzq2268Y",b'molkoreports',"['MengWanzhou', 'Huawei']",3548
2020-10-26 16:37:37,Huawei CFO to Question Canadian Police in Extradition Case by @natalieobiko #Huawei #China #MengWanzhou #cdnpoli https://t.co/a8LtCCyxBH,b'kbolongaro',"['Huawei', 'China', 'MengWanzhou', 'cdnpoli']",2702
2020-10-26 16:37:17,#China is the new #America #Yuan is the new #Dollar #Huawei is the new #Apple,b'Ates_DANIS',"['China', 'America', 'Yuan', 'Dollar', 'Huawei', 'Apple']",793
2020-10-26 16:36:17,"#HuaweiNova8SE offical render and specs  ‚Ä¢ 6.53""FHD OLED display ‚Ä¢ Waterdrop Notch ‚Ä¢ 60Hz refresh rate ‚Ä¢ 16mp Selfie camera ‚Ä¢ Quad rear camera ‚Ä¢ 64MP+8MP+2MP+2MP ‚Ä¢ Mediatek Dimensity 720/800U ‚Ä¢ 66W fast Charger ‚Ä¢ 3800mAh battery ‚Ä¢ 7.46mm thickness 178g weight #Huawei https://t.co/FTyQYpVqzb",b'NishantBareilly',"['HuaweiNova8SE', 'Huawei']",1094
2020-10-26 16:30:00,Up for another #Huawei smartphone? https://t.co/o3kmMrPFgM,b'HTTech',['Huawei'],8904
2020-10-26 16:22:34,Scorpion for #kwgt @Jeisonv62840567  #wallpaper @TeboulDavid1  #icons @Payrun76  #template #h2i @Jeisonv62840567  #widgets slightly edited  #Android #homescreen #design  #Samsung #Sony #Huawei #oppo  #OnePlus #Google  #Infinix These setting can be applied on any Android devices. https://t.co/6RmPVPa3v1,b'Amjadali747',"['kwgt', 'wallpaper', 'icons', 'template', 'h2i', 'widgets', 'Android', 'homescreen', 'design', 'Samsung', 'Sony', 'Huawei', 'oppo', 'OnePlus', 'Google', 'Infinix']",318
2020-10-26 16:22:22,Finland's @hsfi editorializes that #Sweden has rejected #Huawei and #Finland will be next to reject the security risk of #Huawei: https://t.co/e4AyxW0TBr,b'undercovpilgrim',"['Sweden', 'Huawei', 'Finland', 'Huawei']",285
2020-10-26 16:16:35,Growing the #Nord brand in Europe is smart by @oneplus. The price segment will see a lot of activity as #Huawei continues to battle sanctions. Other OEMs are getting in position to compete for share - starting now.,b'G_Schneemann',"['Nord', 'Huawei']",386
2020-10-26 16:16:23,"Well, yes it is #Huawei and #China has reason to object. https://t.co/IyU2JyBDEi",b'sherivandenburg',"['Huawei', 'China']",152
2020-10-26 16:14:52,@AntoGriezmann @huaweimobilefr No thank you! #Huawei China's üëá https://t.co/lTEUsWZYlM,b'sidbernard50',['Huawei'],91
2020-10-26 16:14:32,@AppGallery #Huawei is chinese trap &amp; syp wing of CCP in short it's data theft machine,b'sirvinodupadhya',['Huawei'],54
2020-10-26 16:14:04,"Wondering which company operating in #Bahrain, according to the U.S., has an ""unclean"" network? Could it possibly be #Huawei, the Chinese company which U.S. competitors want to smash? https://t.co/lg7jeVgo3Z",b'sherivandenburg',"['Bahrain', 'Huawei']",152
2020-10-26 16:06:54,"NEC, technology giant from #Japan replaces #Huawei in an important #5G deal with #UK.  Although they have been working with telcos in Japan, getting endorsed by one of the Five Eyes countries is seen as a big breakthrough.   https://t.co/kiq2pVgmkz",b'SecChronicle',"['Japan', 'Huawei', '5G', 'UK']",170
2020-10-26 16:06:14,Four more European nations sign onto US #5G #security agreements #huawei https://t.co/3H26SoEZJL,b'EvanKirstel',"['5G', 'security', 'huawei']",293409
2020-10-26 16:01:57,Canada court to hear witness testimony in #Huawei CFO's U.S. extradition case https://t.co/o1xrVAZeR1,b'China_Fact',['Huawei'],93834
2020-10-26 15:52:28,Will we get a bombshell?  Whatever happens this week- #MengWanzhou‚Äôs lawyers plan to use it in Feb 2021 to argue her questioning/arrest was an ‚ÄúAbuse of Process‚Äù and extradition process should be stayed. #huawei @CTVVancouver https://t.co/t2CZAnbjL2,b'molkoreports',"['MengWanzhou', 'huawei']",3548
2020-10-26 15:50:49,Both @rcmpgrcpolice @CanBorder deny conspiring to delay #MengWanzhou‚Äôs arrest and that anything their officers did was out of the ordinary. Meng‚Äôs lawyers will be looking for inconsistencies in testimony. #huawei @CTVVancouver https://t.co/8I0jmjwc5g,b'molkoreports',"['MengWanzhou', 'huawei']",3548
2020-10-26 15:48:54,#MengWanzhou‚Äôs lawyers allege @rcmpgrcpolice @CanBorder were part of a ‚Äúcovert criminal investigation‚Äù to delay her arrest in order to gather evidence that could bolster the U.S. fraud case against her. @CTVVancouver #huawei https://t.co/0SZ68NXvVU,b'molkoreports',"['MengWanzhou', 'huawei']",3548
2020-10-26 15:44:40,@gchikermane @Vikram_Sood @orfonline #India is a laggard wrt banning/securing alternatives to #China eqpt/goods. Pvt &amp; public sector telecom cos already hv  #Huawei 5G pre installed hardware in optical fiber system. Prohibitive costs  wd  entail now! Our strategists hv goofed up big time &amp; r in stupor! Deadwood Inc!,b'anilkomargupta',"['India', 'China', 'Huawei']",13
2020-10-26 15:44:17,"Huawei nova 8 SE specs leak, reveal 66W fast charging .  #Huawei https://t.co/C0cbjQgsJW",b'RaghavTechie',['Huawei'],173
2020-10-26 15:44:16,#huawei somehow manages to stay afloat https://t.co/jZpIaNrnQO,b'benjaminwthomas',['huawei'],1021
2020-10-26 15:33:01,5 days of evidentiary hearings are scheduled starting today on whether #MengWanzhou's arrest and detention was conducted lawfully - #Huawei  https://t.co/DfMJG0p8cS,b'EpochTimesCan',"['MengWanzhou', 'Huawei']",5306
2020-10-26 15:32:01,Kirin 9000 will have excellent performance bypassing the SD 865+ https://t.co/ds9CEy75AY #huawei,b'TechnologyNow3',['huawei'],544
2020-10-26 15:32:01,#Huawei wants to build a supply chain inside China https://t.co/wZTQie5Tqo,b'TechnologyNow3',['Huawei'],544
2020-10-26 15:30:10,"üì∑ To the future, together ‚ú® . . . . #bike #bikers #rennes #city #rennescity #urban #life #etang #bretagne #citylife #photographie #photography #huawei #huaweishot #hellohuawei #mate20pro #estanque #pond #silhouette #urbanphotography (en... https://t.co/Ybi727Kx8q",b'PaoLovesBeer',"['bike', 'bikers', 'rennes', 'city', 'rennescity', 'urban', 'life', 'etang', 'bretagne', 'citylife', 'photographie', 'photography', 'huawei', 'huaweishot', 'hellohuawei', 'mate20pro', 'estanque', 'pond', 'silhouette', 'urbanphotography']",827
2020-10-26 15:29:40,I love #HUAWEIPSmartS #Huawei #HuaweiConnect for being independent #HarmonyOS,b'edlinnaa',"['HUAWEIPSmartS', 'Huawei', 'HuaweiConnect', 'HarmonyOS']",765
2020-10-26 15:29:25,"‚ÄúThe Power and Potential of Connectivity‚Äù High-speed internet drives #innovation and business growth, but many Americans still lack #access due to policy roadblocks https://t.co/z4RY3fS2u7 #Huawei @HuaweiUSA #RuhGlobal #HuaweiNews #PWD #HuaweiFacts #HuaweiNow #Tech4All #Tech4Good",b'RoseMusachio',"['innovation', 'access', 'Huawei', 'RuhGlobal', 'HuaweiNews', 'PWD', 'HuaweiFacts', 'HuaweiNow', 'Tech4All', 'Tech4Good']",4002
2020-10-26 15:28:32,"‚ÄúThe Power and Potential of Connectivity‚Äù High-speed internet drives #innovation and business growth, but many Americans still lack #access due to policy roadblocks https://t.co/9smLDRFUPn #Huawei @HuaweiUSA #RuhGlobal #HuaweiNews #PWD #HuaweiFacts #HuaweiNow #Tech4All #Tech4Good",b'KevinRuhGlobal',"['innovation', 'access', 'Huawei', 'RuhGlobal', 'HuaweiNews', 'PWD', 'HuaweiFacts', 'HuaweiNow', 'Tech4All', 'Tech4Good']",8173
2020-10-26 15:28:02,Offer for UK &amp; Irish Fans! üòç Get a 10% off @farfetch Gift Coupon on your favorite designers and styles purchases:  https://t.co/favoi7Zzhp    How to redeem your giftÔºü  Download #HUAWEI #MemberCenter App at AppGallery.  Login with your #HUAWEIID  Enjoy exclusive benefits! üëë https://t.co/aYezTYlXrO,b'HuaweiMobileSer',"['HUAWEI', 'MemberCenter', 'HUAWEIID']",8027
2020-10-26 15:27:39,"‚ÄúThe Power and Potential of Connectivity‚Äù High-speed internet drives #innovation and business growth, but many Americans still lack #access due to policy roadblocks https://t.co/vxhkc2cMSF #Huawei @HuaweiUSA #RuhGlobal #HuaweiNews #PWD #HuaweiFacts #HuaweiNow #Tech4All #Tech4Good",b'RuhGlobal',"['innovation', 'access', 'Huawei', 'RuhGlobal', 'HuaweiNews', 'PWD', 'HuaweiFacts', 'HuaweiNow', 'Tech4All', 'Tech4Good']",7325
2020-10-26 15:26:43,"‚ÄúThe Power and Potential of Connectivity‚Äù High-speed internet drives #innovation and business growth, but many Americans still lack #access due to policy roadblocks https://t.co/OtKV0ISWEw #Huawei @HuaweiUSA #RuhGlobal #HuaweiNews #PWD #HuaweiFacts #HuaweiNow #Tech4All #Tech4Good",b'5pPodcast',"['innovation', 'access', 'Huawei', 'RuhGlobal', 'HuaweiNews', 'PWD', 'HuaweiFacts', 'HuaweiNow', 'Tech4All', 'Tech4Good']",23
2020-10-26 15:24:59,"‚ÄúThe Power and Potential of Connectivity‚Äù High-speed internet drives #innovation and business growth, but many Americans still lack #access due to policy roadblocks https://t.co/YQ2f2ialmB #Huawei @HuaweiUSA #RuhGlobal #HuaweiNews #PWD #HuaweiFacts #HuaweiNow #Tech4All #Tech4Good",b'debraruh',"['innovation', 'access', 'Huawei', 'RuhGlobal', 'HuaweiNews', 'PWD', 'HuaweiFacts', 'HuaweiNow', 'Tech4All', 'Tech4Good']",161606
2020-10-26 15:24:09,"@globaltimesnews #China Unlike Chinese low quality untested defense products &amp; PLA, India is in winwin situation with #BECA #quad ,please be in fools paradise n write these articles showing insecurity n vulnerability. #Huawei ban taught you a lesion?",b'Raghu_Vin',"['China', 'BECA', 'quad', 'Huawei']",45
2020-10-26 15:16:09,"@PrimalPolitical Disagree.   The Government got this one wrong but what exactly have they got right so far, other than removing some of the fifth column from the Home Office?  #NetZero #Lockdown #Policing #HS2 #IllegalImmigration #UnconciousBiasTraining #Huawei #BLM #ExtinctionRebellion",b'OfLeavers',"['NetZero', 'Lockdown', 'Policing', 'HS2', 'IllegalImmigration', 'UnconciousBiasTraining', 'Huawei', 'BLM', 'ExtinctionRebellion']",3083
2020-10-26 15:15:19,üì±üéß#HUAWEI P40 lite 5G + Freebuds 3i 6 GB RAM + 128 GB ROM  Carga r√°pida de 40W  Precio: 3Ô∏è‚É£9Ô∏è‚É£9Ô∏è‚É£‚Ç¨ #Amazon  üëâhttps://t.co/mVJNvWrtSX https://t.co/aOSi7B4Tiq,b'Lapequenaasia',"['HUAWEI', 'Amazon']",4386
2020-10-26 15:15:17,"A #US ban on semiconductor chip sales  could effectively eliminate  #Huawei from the emerging 5G ecosystem, create problems for telecom infrastructure operators worldwide and seriously dent China's tech ambitions.  https://t.co/XhKLD2lux0",b'oxfordanalytica',"['US', 'Huawei']",11706
2020-10-26 15:13:37,@ryanstouffer The cancelling of China's #Huawei 5G probably plays a factor. It's weird though because #Australia and #UK have also banned Huawei.   https://t.co/E8OE4nUMms  #COMM410,b'Vdm3iii',"['Huawei', 'Australia', 'UK', 'COMM410']",45
2020-10-26 14:56:41,Europe is rejecting #Huawei. https://t.co/ttOolZEOSU,b'ar_reddy',['Huawei'],242
2020-10-26 14:56:31,"#EU-#China Briefing - October 26, 2020  1‚É£China - the Only Major #Economy to Grow in 2020 2‚É£Commission Proposes EU Global #HumanRights Sanctions Regime 3‚É£EU and #US Launch Dialogue on China 4‚É£Borrell Talks China &amp; #Climate 5‚É£ #Sweden Bans #Huawei and #ZTE https://t.co/EavQIvatCX",b'euchinahub',"['EU', 'China', 'Economy', 'HumanRights', 'US', 'Climate', 'Sweden', 'Huawei', 'ZTE']",966
2020-10-26 14:37:53,The steady stream of European setbacks continues with a report that the Italian government has vetoed a #5G deal between #Huawei and #Fastweb.  https://t.co/N4uguMfOO4,b'FirstPointGroup',"['5G', 'Huawei', 'Fastweb']",5544
2020-10-26 14:33:21,"Intel faces increasing rivalry from AMD, Nvidia, Apple in core sectors #10nm #5G #acquisition #AMD #Apple #ARM #Bits #chips #Huawei #Hynix #ICdesign #distribution #ICmanufacturing #Intel #IT #CE #ITcomponents #peripherals #MediaTek #NANDflash #DIGITIMES https://t.co/XaRRfuRbMc",b'DigitimesDotCom',"['10nm', '5G', 'acquisition', 'AMD', 'Apple', 'ARM', 'Bits', 'chips', 'Huawei', 'Hynix', 'ICdesign', 'distribution', 'ICmanufacturing', 'Intel', 'IT', 'CE', 'ITcomponents', 'peripherals', 'MediaTek', 'NANDflash', 'DIGITIMES']",3344
2020-10-26 14:32:13,#Huawei's #MengWanzhou back in Canadian court to fight extradition to US https://t.co/gmSVNw4K06,b'QuickTechPro',"['Huawei', 'MengWanzhou']",42
2020-10-26 14:21:11,"Foreign policy: As U.S.-China Relations Worsen, Germany Looks Out For Its Own Interests #Germany #China #EU #USA #automotive #globaltrade #huawei #democracy #nordstream2 #UnitedNations #MondayMorning  https://t.co/EZOZY1S03N",b'ulimuench',"['Germany', 'China', 'EU', 'USA', 'automotive', 'globaltrade', 'huawei', 'democracy', 'nordstream2', 'UnitedNations', 'MondayMorning']",1486
2020-10-26 14:15:22,Italy has prevented Fastweb from signing a deal for #Huawei to supply equipment for its #5G core network. #TechNews,b'Digi_Bulletin',"['Huawei', '5G', 'TechNews']",748
2020-10-26 14:10:52,HarmonyOS: Key technical features and architectural deep dive https://t.co/JTKByPzRLN   #Eclipsecon2020 #HarmonyOS #Huawei,b'wahibhaq',"['Eclipsecon2020', 'HarmonyOS', 'Huawei']",1379
2020-10-26 14:10:04,#DAYDREAM now supported #samsung #moto #huawei https://t.co/HLZKE4H0oM,b'standard3d',"['DAYDREAM', 'samsung', 'moto', 'huawei']",1961
2020-10-26 14:09:23,Are you looking for the best #HP Server &amp; option for your business need? Call: 08140000114 https://t.co/EepO3qssLT #pcplanetnigeria #phone #laptop #lenovo #HPML30 #dell #acer #asus #printer #apcups #apple #iPad #macbookpro #samsung #iPhone #Infinix #tecno #huawei #endinjustice https://t.co/neso2DKdrM,b'PCPlanetNigeria',"['HP', 'pcplanetnigeria', 'phone', 'laptop', 'lenovo', 'HPML30', 'dell', 'acer', 'asus', 'printer', 'apcups', 'apple', 'iPad', 'macbookpro', 'samsung', 'iPhone', 'Infinix', 'tecno', 'huawei', 'endinjustice']",656
2020-10-26 14:07:35,The digital road to economic recovery. Listen to #Huawei VP &amp; Economics Adviser Andrew Williamson on this topic at the Economist Events Online Webinar on Oct 29 at 11pm (GMT+8). Register now: https://t.co/NhF2QxVzKR. #EconDigitalValues #TrustInTech,b'Huawei',"['Huawei', 'EconDigitalValues', 'TrustInTech']",5097591
2020-10-26 14:03:06,Huawei Launches Flagship Mate 40 Line Amidst Sanctions https://t.co/AgpliH5Q2b #CIO #5G #Huawei #Smartphones #Google #China #InspiredBmedia,b'cioinspired',"['CIO', '5G', 'Huawei', 'Smartphones', 'Google', 'China', 'InspiredBmedia']",2585
2020-10-26 14:00:19,Huawei FreeBuds Studio headset features 40dB noise reduction dual device connection https://t.co/FomNHXjg4p  #HuaweiFreebudsPro #HUAWEIFreeBudsStudio #Huawei #technology #audiophile https://t.co/w01kAJBCq3,b'MyTechPartner',"['HuaweiFreebudsPro', 'HUAWEIFreeBudsStudio', 'Huawei', 'technology', 'audiophile']",1229
2020-10-26 14:00:00,Best Tablets You Can Buy in 2020 and 2021 too. Link:https://t.co/LiwM5IPENl  #gadgets #smartphone #AmazonPrimeDay #apple #iPhone12Pro #iPhone12mini #100DaysOfCode #TheBigBillionDays #Samsung #Huawei #OPPOA93 #vivoV20 #5g #Android12 #iOS14 #IoT https://t.co/Dk0VMIhG5G,b'CoderHarry1',"['gadgets', 'smartphone', 'AmazonPrimeDay', 'apple', 'iPhone12Pro', 'iPhone12mini', '100DaysOfCode', 'TheBigBillionDays', 'Samsung', 'Huawei', 'OPPOA93', 'vivoV20', '5g', 'Android12', 'iOS14', 'IoT']",13
2020-10-26 13:51:32,"""#Semiconductors made with #TSMC 's more modern 7-nanometer processes would not qualify for shipment to #Huawei""  https://t.co/a45swc8v6C",b'TradeSecureLLC',"['Semiconductors', 'TSMC', 'Huawei']",244
2020-10-26 13:42:56,"Huawei Mate 40 Pro Review. The 88¬∞ curved ring screen and curved glass body conform to the stable product positioning of Huawei Mate series, and it is also artistic.¬†https://t.co/fFLrnYIxBz  #GadgetMix #HUAWEIMate40Pro #Huawei #Android #technology #tech #android_police https://t.co/SRzNuAFTOO",b'HTMLecosystem',"['GadgetMix', 'HUAWEIMate40Pro', 'Huawei', 'Android', 'technology', 'tech', 'android_police']",10721
2020-10-26 13:41:41,ü§¶üèº‚Äç‚ôÄÔ∏èüôáüèº‚Äç‚ôÄÔ∏è The RCMP &amp; Canada Border Services Agency officers who detained #MengWanzhou at Vancouver's airport in December 2018 will speak publicly for the 1st time this wk about the events surrounding the #Huawei executive's arrest for extradition to the US https://t.co/GdyswNCcq8,b'VJShordee444',"['MengWanzhou', 'Huawei']",16752
2020-10-26 13:40:56,"In a statement @Huawei said sales increased by 9.9% in the first 9 months of this year, however pressure from the #USA and the pandemic have proved challenging. More on #InsideTelecom.  #china #us #tradewar #sanction #covid19 #coronavirus #business #huawei https://t.co/5V99NnIHvZ",b'insidetelecom_',"['USA', 'InsideTelecom', 'china', 'us', 'tradewar', 'sanction', 'covid19', 'coronavirus', 'business', 'huawei']",969
2020-10-26 13:40:01,'5G offer from America'. #Huawei/Beijing is going to have to face something a bit more potent around the globe. A business model &amp; wholesale #5G operator they can't compromise &amp; that will revolutionize the wireless economy:  https://t.co/oDbnXEVCeW via @jamaicaobserver,b'declanganley',"['Huawei', '5G']",19414
2020-10-26 13:37:43,Meng Wanzhou extradition case back in court for hearings on arrest https://t.co/ieHcd1LWBx #yvr #Huawei #nationalnews https://t.co/eIVlDmFuyc,b'660NEWS',"['yvr', 'Huawei', 'nationalnews']",81003
2020-10-26 13:37:43,Meng Wanzhou extradition case back in court for hearings on arrest https://t.co/DccFzM3SrK #yvr #Huawei #nationalnews https://t.co/aORjzOI9bo,b'BTCityNewsCGY',"['yvr', 'Huawei', 'nationalnews']",40401
2020-10-26 13:37:29,ICT industry leaders are gathering at #HWMBBF to discuss the business cycles of #5G. Join us to find out more about #Huawei's latest wireless strategies and the evolution direction of 5G: https://t.co/D3R7eXVFka #5GForGood https://t.co/XYecj59lDr,b'HuaweiWireless',"['HWMBBF', '5G', 'Huawei', '5GForGood']",5927
2020-10-26 13:36:59,HUAWEI WATCH GT 2 PRO REVIEW!  https://t.co/rRJjFU5Scf  #huawei #huaweiwatchgt2pro #watch #smartwatch #video #youtube #youtubevideo #tech #technology #tecnologia #like #likes #follow #follower #apple #xiaomi #applewatch,b'Addicted_2_Game',"['huawei', 'huaweiwatchgt2pro', 'watch', 'smartwatch', 'video', 'youtube', 'youtubevideo', 'tech', 'technology', 'tecnologia', 'like', 'likes', 'follow', 'follower', 'apple', 'xiaomi', 'applewatch']",159
2020-10-26 13:35:33,https://t.co/ckP0PTPDIF   #iFix #iFixPlus #Samsung #Galaxy #Huawei #LG #Qualcomm #iphone #Plus #iPhonePlus #Android #startup #smartphones #repairs  Start your #smartphone #repair services business with #iFixPlus https://t.co/0dXzdebGi3,b'AnnoDomaini',"['iFix', 'iFixPlus', 'Samsung', 'Galaxy', 'Huawei', 'LG', 'Qualcomm', 'iphone', 'Plus', 'iPhonePlus', 'Android', 'startup', 'smartphones', 'repairs', 'smartphone', 'repair', 'iFixPlus']",1734
2020-10-26 13:32:03,#Huawei Nova 8 SE Specifications Leaked https://t.co/rIZ2CvaOba  #Android #news #smartphones #like4like #likeforlike #follow4follow #techblog #technews #futuretechnology #socialmedia #innovation #apple #iPhone #5G #iOS  https://t.co/rIZ2CvaOba,b'akhiljoseph',"['Huawei', 'Android', 'news', 'smartphones', 'like4like', 'likeforlike', 'follow4follow', 'techblog', 'technews', 'futuretechnology', 'socialmedia', 'innovation', 'apple', 'iPhone', '5G', 'iOS']",214
2020-10-26 13:30:49,"#DFIR: Locked out of a phone in a critical case? #MSAB Access Services know the way into the most challenging mobile phones. Unlock and extract data from the latest #SamsungGalaxy, #Huawei, LG #Qualcomm and many other #Android devices. https://t.co/cvurU6vrK5 https://t.co/SSfOOkqEqF",b'MSAB_XRY',"['DFIR', 'MSAB', 'SamsungGalaxy', 'Huawei', 'Qualcomm', 'Android']",5245
2020-10-26 13:30:40,"Iconic and innovative designe, #HUAWEIMate40 is a icon to balance and symmetry.  https://t.co/2bIhlnt1Gt The Space Ring camera system presents a window (camera system) for user to explore the world.¬†  #Huawei #HuaweiMate40Price @HuaweiPK @Huawei_Europe @HuaweiUSA @HuaweiUK https://t.co/xg7WhIwnBF",b'mobiledevicesPK',"['HUAWEIMate40', 'Huawei', 'HuaweiMate40Price']",1275
2020-10-26 13:30:05,#iPhone support coming soon #samsung #moto #huawei https://t.co/7A0RlStBKt,b'standard3d',"['iPhone', 'samsung', 'moto', 'huawei']",1961
2020-10-26 13:29:17,"Amid global challenges faced this year, #Huawei continues to grow with a 9.9% increase in the first three quarters of 2020, strengthening its expertise in #ICT to contribute towards a better connected, fully intelligent world. Read more: https://t.co/yK5fZnzS9H https://t.co/8qwzCpQrYa",b'HuaweiPK',"['Huawei', 'ICT']",16796
2020-10-26 13:28:13,"Good technical point @stevenconlon, but I'm more optimistic about Europe (see how Italy or Czech Republic are going ahead, for instance)  As far as India goes, banning #Huawei is only a matter of time -- and only the first step towards a bigger decoupling from China https://t.co/nlD2wGG1n6",b'gchikermane',['Huawei'],41853
2020-10-26 13:22:54,Boycott is a form of free speech. I hv the right 2 choose products based on #fairtrade We make political consumer decisions all the time. Govts do e.g #Huawei people do e.g Nike sweat shops.   I do not accept stance of French govt/#Macron I can thus change my consumption habits. https://t.co/Z6SqhfQzlA,b'ZakriaCaan',"['fairtrade', 'Huawei', 'Macron']",2279
2020-10-26 13:15:39,"Huawei Nova 8 SE render and specs leaked, Nova 8 series could launch next month alongside Honor V40 #Huawei #HuaweiNova8SE #HuaweiNova8 #HonorV40  https://t.co/OYs5KjrBGS",b'HuaweiCentral',"['Huawei', 'HuaweiNova8SE', 'HuaweiNova8', 'HonorV40']",5846
2020-10-26 13:13:43,"#Huawei's  #Kirin9000!   The USA trying their Darndest to stop the Technological Dominance.  It all began in 2012, When Huawei released the World's first Quad Core Processor for a Smart Phone, the K3V2 Chip. https://t.co/ugZ6d2ba5z",b'Slimz09',"['Huawei', 'Kirin9000']",75
2020-10-26 13:10:21,"Europe seems now to have a coordinated approach on #5G and it does not include #Huawei and #China. As Bulgaria, Kosovo, North Macedonia block Chinese equipment in their 5G networks, all eyes on #India https://t.co/jSCldq2NDt via @orfcyber",b'kkomaitis',"['5G', 'Huawei', 'China', 'India']",2054
2020-10-26 13:10:20,"Focused on creating equal opportunities for quality education &amp; developing young #ICT talent, the #Huawei #ICTCompetition2020 Middle East will facilitate connections between government, enterprises, and academia. Read more: https://t.co/giIDpSReR5 https://t.co/Q0ZjrzCj1j",b'Huawei_ME',"['ICT', 'Huawei', 'ICTCompetition2020']",161509
2020-10-26 13:09:06,Busting myths this morning about #5G and #Huawei.   Is Huawei the most advanced network? No. It lags behind in patent relevance and value.    Check out my interview with the @JamaicaObserver for more:  https://t.co/mhETrpZCNr,b'AmbassadorUS_JA',"['5G', 'Huawei']",1197
2020-10-26 13:08:23,"""Minimalism in the Landscape""  A couple of photographs taken yesterday, looking south east over Nottinghamshire, from a layby, just off J27 of the M1.  #Nottinghamshire #takenonhuawei #ukphotography #uk_greatshots #landscapephotography #WexMondays #Huawei  @bbcemt @ITVCentral https://t.co/nqUcrCpFQS",b'28swphotography',"['Nottinghamshire', 'takenonhuawei', 'ukphotography', 'uk_greatshots', 'landscapephotography', 'WexMondays', 'Huawei']",290
2020-10-26 13:02:21,@Huawei Urban Rail Cloud Solution Brings 5G / IoT At Center Of Public Mobility https://t.co/UIQFSSd5Hc #artificialintelligence #AiThority #Huawei #CloudComputing #ChinaMobility #bigdata,b'AiThority',"['artificialintelligence', 'AiThority', 'Huawei', 'CloudComputing', 'ChinaMobility', 'bigdata']",4942
2020-10-26 13:01:12,Charging made easy! Our single USB is compatible with all mobile and tablet devices. A slick and compact design ensures it is the perfect travel companion.  Go to https://t.co/A4LQV2Xsfy and get yours now!  #Apple #Samsung #Huawei #wholesaler #plug #universal #bulkbuy #Appleevent https://t.co/s6ThUG1b8B,b'amgwholesale',"['Apple', 'Samsung', 'Huawei', 'wholesaler', 'plug', 'universal', 'bulkbuy', 'Appleevent']",252
2020-10-26 12:53:53,"Despite being at the centre of Trump's trade war with China, Huawei has announced that revenue during the first 3 quarters of 2020 was up 9.9%. #TrumpsTradeWar #Huawei https://t.co/3EZNGJ5zVg",b'LAB360_',"['TrumpsTradeWar', 'Huawei']",113
2020-10-26 12:51:05,Huawei prevented from signing 5G deal with Fastweb in Italy: Report  https://t.co/d452ICZ3Jd  #Huawei #Italy https://t.co/JlOKwA3XXl,b'gizmochina',"['Huawei', 'Italy']",33063
2020-10-26 12:41:54,"The virtual conference will be led by speakers from organizations such as Microsoft, #Huawei, &amp; #GitHub.  Date &amp; Time: 30th and 31st October | 11:AM - 04:00 PM  Register now &amp; stand a chance to win a free #Edureka Certification Course!  #opensource #Microsoft #Azure #OSSDays",b'edurekaIN',"['Huawei', 'GitHub', 'Edureka', 'opensource', 'Microsoft', 'Azure', 'OSSDays']",6044
2020-10-26 12:41:45,"The official rendering of Huawei nova8 SE, 6.53"" OLED water drop screen + 64mp matrix four-camera. The backplane arc is similar to 2D, and it adopts a right-angle frame design similar to iPhone12, focusing on light and thin flash charging. #huaweinova8 #Huawei https://t.co/ACcYgmmrVy",b'Technoholiic',"['huaweinova8', 'Huawei']",17
2020-10-26 12:38:56,Lawyers for Huawei CFO Meng Wanzhou allege that Canadian authorities shared ‚Äúidentifying details about her electronic devices‚Äù with American counterparts in extradition case @moirawarburton via @Reuters | #Huawei #MengWanzhou  https://t.co/azn7wrPjM3,b'WiretapLawyer',"['Huawei', 'MengWanzhou']",1154
2020-10-26 12:30:46,Meng Wanzhou extradition case back in court for hearings on arrest https://t.co/ieHcd1LWBx #yvr #Huawei #nationalnews https://t.co/8iF0wW0mUJ,b'660NEWS',"['yvr', 'Huawei', 'nationalnews']",81003
2020-10-26 12:30:16,Another punch to #Huawei #China #CCP ! https://t.co/ZpiXKgdBci,b'Jordan172573127',"['Huawei', 'China', 'CCP']",189
2020-10-26 12:29:43,Lampion 2 #flickr https://t.co/xDZXuFjmB4   #lampion #lampi√£odejardim #b&amp;w #pretoebranco #mobile #mobilephotography #huawei #huawei_pic #artavenda #artforsale #fineart #arteemtela #arteemsuacasa #decor #decora√ß√£o #decoration #arteeterna #decoresuacasa #decoreseuambiente,b'eniomgodoy',"['flickr', 'lampion', 'lampi√£odejardim', 'b', 'pretoebranco', 'mobile', 'mobilephotography', 'huawei', 'huawei_pic', 'artavenda', 'artforsale', 'fineart', 'arteemtela', 'arteemsuacasa', 'decor', 'decora√ß√£o', 'decoration', 'arteeterna', 'decoresuacasa', 'decoreseuambiente']",616
2020-10-26 12:18:49,@aqualady6666 Lovely #Huawei,b'LomBruks',['Huawei'],266
2020-10-26 12:14:19,"@HuaweiNetworks @Huawei Huawei is known for best processors, display and lifelong battery. It is one of my favorite company and I am also doing research for my IA on Huawei. #huaweinetwork #Huawei",b'Bazzkhan15',"['huaweinetwork', 'Huawei']",1
2020-10-26 12:00:01,Here's a quick recap of the #HUAWEI Mate40 Series Online Global Launch Even. Watch the best bits in 2 minutes as we #LeapFurtherAhead. Explore more: https://t.co/z3lOBp8lR1 https://t.co/MaULfDQlJi,b'HuaweiMalaysia',"['HUAWEI', 'LeapFurtherAhead']",49304
2020-10-26 11:56:18,@Huawei Announces Q3 2020 Business Results https://t.co/A7BXKb4LfF Via: @TheDailyNewsPK #5g #Announced #COVID__19 #Develop #EnvironmentalDevelopment #FinancialInclusion #SupplyChain #Huawei #TechnologiesIndustry #newpost https://t.co/036951LVgh,b'TheDailyNewsPK',"['5g', 'Announced', 'COVID__19', 'Develop', 'EnvironmentalDevelopment', 'FinancialInclusion', 'SupplyChain', 'Huawei', 'TechnologiesIndustry', 'newpost']",104
2020-10-26 11:54:20,You can see the angle in the photo here... It's pretty pronounced. I'm amazed the phone even still works! #Huawei https://t.co/s3uqmGMGUh,b'LFPGaming',['Huawei'],26
2020-10-26 11:49:03,"Calling live witnesses in an #extradition case is ‚Äòvery, very unusual... ‚ÄòYou don't normally get much by way of disclosure and even less often, way less often, do you get the right to cross examine witnesses.‚Äô‚Äù #mengwanzhou #Huawei https://t.co/cumRQnB9TJ",b'MAAWLAW',"['extradition', 'mengwanzhou', 'Huawei']",3799
2020-10-26 11:45:00,"October 2020 EMUI updates tracker (October 26, 2020) - #Huawei #emui #EMUI #technews   https://t.co/6TJBNgmncq",b'RPRNANews',"['Huawei', 'emui', 'EMUI', 'technews']",1697
2020-10-26 11:40:04,#GearVR now supported #samsung #moto #huawei https://t.co/9Ea6rTZnzO,b'standard3d',"['GearVR', 'samsung', 'moto', 'huawei']",1961
2020-10-26 11:37:34,"German spy chief wants #Huawei barred from German #5G networks. (Deutsche Telekom/T-Mobile will not like that): ‚ÄòChina is close to 'world domination', German spy chief says.‚Äô https://t.co/aRBMgNVg9p via @MailOnline",b'declanganley',"['Huawei', '5G']",19414
2020-10-26 11:33:07,Huawei Mate 40 Pro Dxomark Camera Ranking and Score #Dxomark #Phone #huawei #camera #AndroidUltra https://t.co/iROO70XLch https://t.co/EMP7O7RyjO,b'AndroidUltraa',"['Dxomark', 'Phone', 'huawei', 'camera', 'AndroidUltra']",17
2020-10-26 11:17:13,It always seems impossible until it's done. Don't ever give up! Call: 08140000114 https://t.co/k6JvKhs229 #pcplanetnigeria #phone #laptop #lenovo #hp #dell #acer #asus #zedair #printer #apple #iPad #macbookpro #samsung #iPhone #Infinix #tecno #huawei #gionee #nokia #endinjustice https://t.co/81lUzVXdLJ,b'PCPlanetNigeria',"['pcplanetnigeria', 'phone', 'laptop', 'lenovo', 'hp', 'dell', 'acer', 'asus', 'zedair', 'printer', 'apple', 'iPad', 'macbookpro', 'samsung', 'iPhone', 'Infinix', 'tecno', 'huawei', 'gionee', 'nokia', 'endinjustice']",656
2020-10-26 11:15:52,"#COVID19 , #Huawei's global supply chain is being put under #intense pressure and its production and operations face significant #challenges. Huawei continues to do its best to find #solutions and fulfill its obligations to #customers. #tech #china #usa https://t.co/L5Z8DWjGDY",b'Altarf23511747',"['COVID19', 'Huawei', 'intense', 'challenges', 'solutions', 'customers', 'tech', 'china', 'usa']",40
2020-10-26 11:11:16,Our special #music #event with #Ivan &amp; #theParazolGuitar TODAY (Oct 26) from 19.00 to 20.00 at Round #pushpin #Valencia! And exclusive live #streaming on #Huawei #Europe! #20YearsHuaweiEurope #TECH4ALL #tech #Espana #spain https://t.co/Y3HMcD0Nni,b'Altarf23511747',"['music', 'event', 'Ivan', 'theParazolGuitar', 'pushpin', 'Valencia', 'streaming', 'Huawei', 'Europe', '20YearsHuaweiEurope', 'TECH4ALL', 'tech', 'Espana', 'spain']",40
2020-10-26 11:07:28,"#Huawei launches #Petal Search, #Petal Maps, HUAWEI Docs and more https://t.co/CLFWUpWJkS via @bizbahrain @HuaweiArabia  #petalsearch #petalmaps #huaweidocs #appgallery #huaweiappgallery #smartphone #bahrain #gcc #news #businessnews #bahrainnews #bizbahrain https://t.co/WntkSmLd8j",b'bizbahrain',"['Huawei', 'Petal', 'Petal', 'petalsearch', 'petalmaps', 'huaweidocs', 'appgallery', 'huaweiappgallery', 'smartphone', 'bahrain', 'gcc', 'news', 'businessnews', 'bahrainnews', 'bizbahrain']",5807
2020-10-26 11:07:13,Huawei Nova 8 series will arrive with two chipsets and 66W charging #Huawei #Nova8 #Nova8Pro https://t.co/aIA1RiD2rS,b'Gizchina',"['Huawei', 'Nova8', 'Nova8Pro']",16122
2020-10-26 11:05:49,#CanadaCourt to Hear Witness Testimony in #Huawei CFO‚Äôs U.S. Extradition Case: https://t.co/XvMJasWap5,b'FocusWashington',"['CanadaCourt', 'Huawei']",531
2020-10-26 11:00:04,#Huawei Mate now supported #architecure #design #android https://t.co/nD7tzgukOO,b'standard3d',"['Huawei', 'architecure', 'design', 'android']",1961
2020-10-26 10:53:44,ùêÅùêéùêíùêíùêî_ùêåùêÑùêÜùêÄ ùêèùêáùêéùêçùêÑùêí ùêèùê´ùê®ùê¶ùê® ùê®ùêß #ùêáùêÆùêöùê∞ùêûùê¢ ùêìùê®ùê© ùêíùê¶ùêöùê´ùê≠ùê©ùê°ùê®ùêßùêû  ‚ú≥Ô∏èHUAWEI Nova 7i @ GHS1599 plus FREE Power Bank  üì±0241355544 / 0559976688 / 0505045858  WhatsApp: https://t.co/XVFlNUFYgx @ The Circle Mall https://t.co/B5aW19VWSx,b'CTradent',['ùêáùêÆùêöùê∞ùêûùê¢'],2
2020-10-26 10:53:28,Huawei Launches Stunning New Strike At Google To Beat Android - https://t.co/cwyhazGZHf  #Android #HarmonyOs #Huawei #Technology https://t.co/j4Q7OxKBXs,b'watchdogug',"['Android', 'HarmonyOs', 'Huawei', 'Technology']",1563
2020-10-26 10:43:38,#Huawei's #Meng back in #Canadian court to fight extradition to US https://t.co/no4nlR9Rek https://t.co/OlqBQATi8B,b'jenkers_en',"['Huawei', 'Meng', 'Canadian']",1258
2020-10-26 10:40:07,"Huawei Nova 5T receiving September update, EMUI 11 beta to rollout in December #Huawei #HuaweiNova5T #EMUI11  https://t.co/E8RgbxIEi3",b'HuaweiCentral',"['Huawei', 'HuaweiNova5T', 'EMUI11']",5846
2020-10-26 10:31:55,The UK accuses #Huawei of conspiring with the Chinese government https://t.co/i7OFEuGAPV,b'TechnologyNow3',['Huawei'],544
2020-10-26 10:29:00,Honor V20 receiving new software update with optimization -  #HONOR #honorV20 #Software #UPDATE #Huawei #technews #smartphone  https://t.co/sz0XHc0aVD,b'RPRNANews',"['HONOR', 'honorV20', 'Software', 'UPDATE', 'Huawei', 'technews', 'smartphone']",1697
2020-10-26 10:26:43,"In 2019, #Telenor opted out of #Huawei as the sole supplier to #5G in #Norway, but wanted to order ""some"" equipment from #Huawei in the years to come anyway. What is the status now #Telenor? https://t.co/inyz13r8Va",b'norsktibetkom',"['Telenor', 'Huawei', '5G', 'Norway', 'Huawei', 'Telenor']",174
2020-10-26 10:23:15,"Poor privacy statement from #Huawei on their Peta search service installed on their phones https://t.co/S6UYqFHW4G. It gets worse if you have a Huawei ID as more personal data are collected and sent to #China (picture, age‚Ä¶) #search",b'florianorama',"['Huawei', 'China', 'search']",588
2020-10-26 10:22:07,"Huawei Mate40 Pro Case Has A Flip-up, Battery-free Selfie Ring Light #Huawei #SmartphoneCase #HuaweiMate40 - https://t.co/16ttvyOiQA https://t.co/KRQAUTptG5",b'mikeshouts',"['Huawei', 'SmartphoneCase', 'HuaweiMate40']",1385
2020-10-26 10:16:15,#HUAWEIMate40 Event  #Huawei https://t.co/Qv3HcfW29l,b'guglani_paras',"['HUAWEIMate40', 'Huawei']",397
2020-10-26 10:01:05,@syamendrra @lasterd80 I love the controversy and media interest #Huawei makes Huawei Mate 40 Pro UNVEILED! iPhone 12 and Galaxy S20 Killer? https://t.co/1jkBKib4qa,b'MansBes06952354',['Huawei'],25
2020-10-26 09:50:44,Huawei nova 8 SE Specs (leaked)  ‚Ä¢ 6.53-inch OLED display ‚Ä¢ Dimensity 720 /  Dimensity 800U ‚Ä¢ 64MP Quad cam setup ‚Ä¢ 3800mAh (66W) ‚Ä¢ 7.46mm &amp; 178g  Via weibo   #Huawei #Nova8SE #HuaweiNova8 https://t.co/z5fIVPogKG,b'MobNfo',"['Huawei', 'Nova8SE', 'HuaweiNova8']",72
2020-10-26 09:50:00,"New update for Huawei FreeBuds Pro improves device compatibility, reduces power consumption and more -   #HuaweiFreebuds3i #Huawei #earbuds #wireless #SmartDevices #technology   https://t.co/KbH4xHty2O",b'RPRNANews',"['HuaweiFreebuds3i', 'Huawei', 'earbuds', 'wireless', 'SmartDevices', 'technology']",1697
2020-10-26 09:49:41,"#Huawei is taking a leading role in the virtual event revolution, focusing on and promoting co-operation between businesses and partners and bringing them new technology solutions in a remote setting.  https://t.co/nodWD5mJsg",b'Francis09070608',['Huawei'],2
2020-10-26 09:48:31,#Huawei Announces 1 Million Euro #IncentivePlan for Student Developer Program #HuaweiEnterprise https://t.co/qkkXGzHCzT,b'Francis09070608',"['Huawei', 'IncentivePlan', 'HuaweiEnterprise']",2
2020-10-26 09:41:26,PREVIEW: #HUAWEI FREEBUDS 3i https://t.co/PvNlD9u7oh https://t.co/gyJjxpqLsg,b'KINHTH_CY',['HUAWEI'],445
2020-10-26 09:40:30,More Enhanced! #Huawei foldable smartphone upcoming ! https://t.co/MUYwT6TBYe,b'guglani_paras',['Huawei'],397
2020-10-26 09:30:58,#US has called on the Egyptian government not to allow Chinese companies to help establish the country‚Äôs 5G telecommunications infrastructure.  #Huawei  #CleanNetworkProgramme  #Ezypt https://t.co/WZHTiBXRWF,b'ChowkidarKim',"['US', 'Huawei', 'CleanNetworkProgramme', 'Ezypt']",1030
2020-10-26 09:29:00,September 2020 update released for Huawei Nova 7 SE via new update -  #Huawei #huaweinova7se #UPDATE #technews   https://t.co/46GCijLHJ1,b'RPRNANews',"['Huawei', 'huaweinova7se', 'UPDATE', 'technews']",1697
2020-10-26 09:26:58,"Huawei Mate 40 RS Porsche Design comes with a free charger, cable, and earphones #huawei https://t.co/Jd13djQiAf",b'Gizchina',['huawei'],16122
2020-10-26 09:20:42,#Bulgaria joins #US coalition against #Huawei  #China #ChinaAggression #Dictatorship #Surveillance #ChinaCrimes #Censorship #BoycottChinaproducts  https://t.co/pd8r79Fspk,b'Gjallarhornet',"['Bulgaria', 'US', 'Huawei', 'China', 'ChinaAggression', 'Dictatorship', 'Surveillance', 'ChinaCrimes', 'Censorship', 'BoycottChinaproducts']",7772
2020-10-26 09:14:41,üì±üéß#HUAWEI P40 lite 5G+ Freebuds 3i 6 GB RAM + 128 GB ROM  Carga r√°pida de 40W  Precio: 3Ô∏è‚É£9Ô∏è‚É£9Ô∏è‚É£‚Ç¨ #Amazon  üëâhttps://t.co/mVJNvWrtSX https://t.co/9zKFmDtl78,b'Lapequenaasia',"['HUAWEI', 'Amazon']",4386
2020-10-26 09:09:42,Huawei revenue grows 9.9 per cent in first 9 months - https://t.co/eICn1Ty809  #Huawei #Revenue #Business #Technology https://t.co/BAWBs4YuV8,b'watchdogug',"['Huawei', 'Revenue', 'Business', 'Technology']",1563
2020-10-26 09:05:19,Beautiful sunrise üí™üèæ #huaweip10 #huawei #smartphonephotography #photography #kzn #kwadukuza https://t.co/45PlPHledY,b'032music',"['huaweip10', 'huawei', 'smartphonephotography', 'photography', 'kzn', 'kwadukuza']",310
2020-10-26 09:03:49,Who has the best #dance moves at #Huawei? Check out these programmers strutting their stuff and tell us who gets your #vote!  https://t.co/QRr9FDqZ6L,b'AnaIvan96',"['dance', 'Huawei', 'vote']",0
2020-10-26 09:03:04,Transforming how we move: Huawei‚Äôs Urban Rail Cloud Solution  Read more: https://t.co/qaW4NwzOIE  @Huawei #Urbanism #Rail #Technology #Business #MetroSystem #Transportation #Huawei #Metro #UrbanRailway https://t.co/K5e5Hyz25q,b'APO_source',"['Urbanism', 'Rail', 'Technology', 'Business', 'MetroSystem', 'Transportation', 'Huawei', 'Metro', 'UrbanRailway']",11022
2020-10-26 09:00:22,ETTelecom | Huawei's Meng back in Canadian court to fight extradition to US #MengWanzhou #Huawei #HuaweiCFOExtraditionTrial #HuaweiCFO #TelecomEquipment #International https://t.co/yYbM7hGPmK,b'ETTelecom',"['MengWanzhou', 'Huawei', 'HuaweiCFOExtraditionTrial', 'HuaweiCFO', 'TelecomEquipment', 'International']",34497
2020-10-26 08:59:29,"##Huawei Nova 8 SE render leaked, showing 6.53-inch OLED display - #Dimensity720 #Dimensity800U #HuaweiNova8SE - #News - https://t.co/ZkGfFfvzYX https://t.co/yF9hEg6IMO",b'gadgetsay',"['Huawei', 'Dimensity720', 'Dimensity800U', 'HuaweiNova8SE', 'News']",686
